laitakli,Athlétisme
e-pbassien,Athlétisme
mbinard,Athlétisme
hbouyahi,Athlétisme
wchahbou,Athlétisme
e-pdubois,Athlétisme
eelmir,Athlétisme
e-jfavry,Athlétisme
e-nfort,Athlétisme
jhussler,Athlétisme
amakimun,Athlétisme
gmaxin,Athlétisme
e-amenard,Athlétisme
jsalles,Athlétisme
jandrade,Badminton
aauriot,Badminton
e-tbonniva,Badminton
e-aboyer1,Badminton
e-mdileone,Badminton
e-mdupuis,Badminton
jherard,Badminton
e-yjiao,Badminton
e-fkaddour,Badminton
e-clecelli,Badminton
jloiseau,Badminton
e-lmenelas,Badminton
e-zmesbahi,Badminton
e-mmunoz,Badminton
e-pquenum,Badminton
e-aroubert,Badminton
e-troussel,Badminton
e-ktang,Badminton
e-rtreich,Badminton
e-nzoubrit,Badminton
e-rachour,Badminton
sarnaud,Badminton
sarnould,Badminton
bbilly,Badminton
gbissaev,Badminton
e-fchaudro,Badminton
cchristi1,Badminton
e-jclipet,Badminton
e-ddang,Badminton
ddao,Badminton
mdo,Badminton
mdumesni,Badminton
agaude,Badminton
agoffett,Badminton
skaderis,Badminton
e-mmanohar,Badminton
mpajanir,Badminton
tseggar1,Badminton
e-ttran1,Badminton
tyoussou,Badminton
e-kbain,Badminton
e-hchentou,Badminton
e-adepelch,Badminton
e-adesoign,Badminton
e-wfeng,Badminton
e-dfrancoi,Badminton
e-agurkan,Badminton
e-vjuverna,Badminton
e-skitoko,Badminton
e-slarmini,Badminton
e-gmace,Badminton
e-mmokalom,Badminton
jnguyen6,Badminton
e-apelissi,Badminton
e-ppuginie,Badminton
e-ltrenou,Badminton
e-oyassine,Badminton
e-fbarnabe,Basket-ball
e-fbelaidi,Basket-ball
obelazi,Basket-ball
e-mbrahmi,Basket-ball
e-abrai,Basket-ball
e-nbrini,Basket-ball
e-bdevanto,Basket-ball
e-cdia,Basket-ball
e-idiallo1,Basket-ball
e-kdrouill,Basket-ball
e-ddutertr,Basket-ball
e-mea,Basket-ball
tgaborin,Basket-ball
e-mgassama,Basket-ball
e-mgrezzi,Basket-ball
nhammoud,Basket-ball
e-dhautere,Basket-ball
e-fkimbemb,Basket-ball
wkobon,Basket-ball
hleroi,Basket-ball
ilombi,Basket-ball
e-cmvibudu,Basket-ball
e-dndekeoc,Basket-ball
e-arezig,Basket-ball
e-ctamimou,Basket-ball
e-wtherlon,Basket-ball
itolgui,Basket-ball
e-ftomegah,Basket-ball
e-mturquie,Basket-ball
e-sziata,Basket-ball
e-nbache,Danse contemporaine
ecooper,Danse contemporaine
e-mduferne,Danse contemporaine
e-cjean2,Danse contemporaine
e-mleontid,Danse contemporaine
e-emaillar1,Danse contemporaine
e-cmarivat,Danse contemporaine
e-creboux,Danse contemporaine
e-sariouk,Danse hip-hop 
e-sdroussi,Danse hip-hop 
skhouade,Danse hip-hop 
fkonate,Danse hip-hop 
e-rmedjahe,Danse hip-hop 
e-dmonteir,Danse hip-hop 
e-amoulmaa,Danse hip-hop 
ntsamej,Danse hip-hop 
e-apotrel,Danse hip-hop 
cquenaul,Danse hip-hop 
sshelton,Danse hip-hop 
tsundara,Danse hip-hop 
yvazquez,Danse hip-hop 
e-tyoi,Danse hip-hop 
ybao,Danse moderne jazz
e-sdouchin,Danse moderne jazz
e-efonroug,Danse moderne jazz
e-nlemhadd,Danse moderne jazz
e-gne,Danse moderne jazz
souldram,Danse moderne jazz
xpang,Danse moderne jazz
e-lpraver,Danse moderne jazz
cricoux,Danse moderne jazz
ctallega,Danse moderne jazz
myu,Danse moderne jazz
rzhan,Danse moderne jazz
obanh,Danse salsa
sboubeke,Danse salsa
echarpen,Danse salsa
e-mclaire,Danse salsa
e-kfakihi,Danse salsa
khaddadi,Danse salsa
e-kharoman,Danse salsa
e-shildebe,Danse salsa
omayet,Danse salsa
rackanim,Danse salsa
kthezena,Danse salsa
e-yyaiche,Danse salsa
e-izerbo,Danse salsa
e-faksu,Escalade
e-mcaillea,Escalade
kdias,Escalade
fguindo,Escalade
e-ahaupais,Escalade
jlu1,Escalade
bouadi,Escalade
e-aroussea,Escalade
qwang,Escalade
ywang4,Escalade
yyao,Escalade
czhou1,Escalade
aallioux,Escalade
e-tberthel,Escalade
bdantas,Escalade
e-gdunand,Escalade
deytan,Escalade
e-tfernand,Escalade
tfintrin,Escalade
aguerass,Escalade
flagarde1,Escalade
e-cmemheld,Escalade
e-tbarthel,Escrime
e-cbataill,Escrime
mbombart,Escrime
jchabane,Escrime
e-adiallo4,Escrime
mdufour1,Escrime
e-edurand,Escrime
slopes,Escrime
aperrier,Escrime
e-asainter,Escrime
vsarrazi,Escrime
e-gseck,Escrime
e-fviollet,Escrime
aalbino,Escrime
hbaltzin,Escrime
wchen1,Escrime
e-bcornu,Escrime
e-agallaud,Escrime
e-lroussel,Escrime
itrabon,Escrime
e-awakpo,Escrime
brocha,Escrime
nbouddou,Escrime
fhemled,Escrime
e-sinangen,Escrime
smehraik,Escrime
tsauvage,Escrime
yshen,Escrime
jtang,Escrime
e-syomidja,Escrime
jzhang,Escrime
kzheng,Escrime
e-dacherch,Football
e-pbarbier1,Football
e-abelhaim,Football
e-cbelmir,Football
mbourai,Football
e-rbouzidi,Football
e-ldeolive1,Football
e-edesa,Football
e-ndomingo,Football
e-lfaussem,Football
e-whamdy,Football
e-wkulacin,Football
e-llaguard,Football
e-hlmoudde,Football
amartine2,Football
e-anguyen3,Football
e-sroux,Football
csidibe,Football
e-saija,Football
e-iaribi,Football
e-ybachkar,Football
e-ibenaksa,Football
e-kboukrif,Football
e-wbouziza,Football
e-tcourtin,Football
cdamay,Football
qdidier,Football
bdubray,Football
vgasnier,Football
e-ykattouf,Football
e-bkihl,Football
e-tledreo,Football
e-llican,Football
e-alrhezla,Football
e-mterzuol,Football
e-straore,Football
e-cagyei,Futsal
aalotoun,Futsal
cba,Futsal
e-jbabinda,Futsal
e-yberriah,Futsal
mbirinci,Futsal
e-wboulega,Futsal
e-iboussen,Futsal
e-acheikh,Futsal
e-sciuperg,Futsal
e-dcouliba1,Futsal
mdjomoli,Futsal
e-cetamemb,Futsal
zfradeco,Futsal
e-agroult,Futsal
e-shajla,Futsal
e-shery,Futsal
hkhoula,Futsal
e-okucukte,Futsal
e-mnadir,Futsal
e-rosmani,Futsal
e-youmahi,Futsal
e-irubio,Futsal
e-nrubio,Futsal
e-msall,Futsal
e-msoufou,Futsal
etasli,Futsal
e-bba,Futsal
e-lcabral,Futsal
e-sdiallo2,Futsal
e-tgoncalv,Futsal
e-ahadji,Futsal
e-hajana,Futsal
ahimmich,Futsal
e-ljeanlou,Futsal
e-bkerkar,Futsal
e-mkhechib,Futsal
mlebsir,Futsal
e-mlimamar,Futsal
e-rmeddour,Futsal
e-andiaye,Futsal
e-bpierre,Futsal
e-drazafim,Futsal
atavares,Futsal
e-mbouyleg,Golf
e-kcorreia,Golf
e-pgalissa,Golf
aouinafe,Golf
e-lahouans,Handball
e-ebissoho,Handball
e-ddasse,Handball
e-yelhanno,Handball
e-jguibero,Handball
e-jhevin,Handball
e-jlambrin,Handball
blepron,Handball
nmalenic,Handball
e-mmantall,Handball
gmariedi,Handball
e-rmassamo,Handball
e-smehri,Handball
e-lranaivo,Handball
fschlumb,Handball
e-cvinayak,Handball
e-zvirapho,Handball
e-zamsaad,Judo
e-nboukhet,Judo
e-acherqi,Judo
e-jclowez,Judo
e-adeshays,Judo
e-selmrani,Judo
e-rgadmani,Judo
e-fherbaut,Judo
e-ajaafar,Judo
xjin,Judo
rkoalaga,Judo
e-bmakiese,Judo
e-cmupirik,Judo
e-tperez,Judo
srahali,Judo
e-trinto,Judo
hruga,Judo
e-bsthylai,Judo
e-atrohel,Judo
fwang,Judo
e-kyahyaou,Judo
jbao,Karate
yboumlai,Karate
e-ibousset,Karate
e-abubb,Karate
e-cchittap,Karate
sdiallo1,Karate
adjoghla,Karate
e-adyens,Karate
e-lgenot,Karate
e-mkendomb,Karate
e-llin,Karate
e-mmohamed3,Karate
fmoineje,Karate
e-nramdane,Karate
e-utasci,Karate
e-syousfi,Karate
e-szekri,Karate
lbaptist,Musculation
jbesnard,Musculation
e-ycondro,Musculation
acrespin,Musculation
ldasilva2,Musculation
sdiazmal,Musculation
skrizou,Musculation
jlaine,Musculation
,Musculation
fpam,Musculation
e-mtahrat,Musculation
vwadowsk,Musculation
e-aadjoloh,Musculation
e-dbalde,Musculation
e-sbernier,Musculation
e-abertran,Musculation
e-ykawachi,Musculation
mmouala,Musculation
e-tnoel,Musculation
yvulgair,Musculation
e-kaprin,Musculation
e-hboualle,Musculation
e-abouamam,Musculation
ycampolm,Musculation
e-sdammene,Musculation
cdelaval,Musculation
e-mfortune,Musculation
e-jguirlin,Musculation
e-ehamache,Musculation
eilly,Musculation
e-gjoubert,Musculation
e-bkone,Musculation
e-orobart,Musculation
crodrigu1,Musculation
e-cammiche,Natation
e-cfleurot,Natation
e-evillen,Natation
e-yguerian,Natation
e-ilababsa,Natation
e-abouzerz,Natation
adelahay,Natation
e-cjudes,Natation
e-amerckel,Natation
mmohamed,Natation
amonneha,Natation
achongke,Natation
e-eboscave,Natation
jgoasdou,Natation
e-jherrera,Natation
e-jlucas,Natation
wrejouit,Natation
e-ksuarezl,Natation
e-rtakjera,Natation
e-tbakana,Rugby
e-sberchti,Rugby
hboucher,Rugby
echir,Rugby
bchouban,Rugby
mdaoudi,Rugby
ddematos,Rugby
tderrien,Rugby
e-jfleurim,Rugby
e-tgarcia,Rugby
ahacquar,Rugby
mkaramok,Rugby
e-amiron,Rugby
e-mmounir,Rugby
asavet,Rugby
e-tshahin,Rugby
e-mzitouni,Rugby
e-aangely,Tennis
sbelkace2,Tennis
e-ychila,Tennis
e-pfroment,Tennis
e-mhasiak,Tennis
e-wlasferm,Tennis
lmelchio,Tennis
syednawm,Tennis
e-oszady,Tennis
dtangame,Tennis
e-acarpent,Trail
ndiawara,Trail
e-ngredler,Trail
kjean,Trail
skouroum,Trail
blin,Trail
hzhang2,Trail
e-cbadrani,Volley-ball
gbourai,Volley-ball
e-mennourh,Volley-ball
sferhat1,Volley-ball
afounas,Volley-ball
kgomes,Volley-ball
e-lhugon,Volley-ball
jivoula,Volley-ball
e-llefebvr,Volley-ball
jlukombo,Volley-ball
csilvago,Volley-ball
ktadjer,Volley-ball
myimgata,Volley-ball
e-mautin,Volley-ball
vbreton,Volley-ball
e-vbrouta,Volley-ball
e-zcetinka,Volley-ball
adaoust,Volley-ball
hhoussei,Volley-ball
e-cjonquet,Volley-ball
e-mkhaidou,Volley-ball
e-ukuchler,Volley-ball
e-alemaitr,Volley-ball
amartine,Volley-ball
e-cmpalubo,Volley-ball
cparisot,Volley-ball
e-mpereira3,Volley-ball
e-hvoyer,Volley-ball
azidahna,Volley-ball
